MMSI,BaseDateTime,LAT,LON,SOG,COG,Heading,VesselName,IMO,CallSign,VesselType,Status,Length,Width,Draft,Cargo,TransceiverClass
367597470,2024-08-01T00:00:00,38.94872,-74.90901,0.0,295.7,291.0,BULLDOG SALLY,,WDJ2058,30,0,17,7,0.0,30,A
373662000,2024-08-01T00:00:00,40.51463,-73.61723,0.0,107.6,216.0,BALSA 87,IMO9616022,3EWS,70,1,106,19,4.6,70,A
367379320,2024-08-01T00:00:00,42.33651,-71.00152,27.4,326.6,325.0,AURORA,IMO8994128,WDE6368,40,0,37,10,2.0,40,A
366836590,2024-08-01T00:00:00,41.29396,-72.90443,0.0,311.3,511.0,ELLEN MCALLISTER,IMO8980892,WDG3673,52,0,35,10,0.0,52,A
368091960,2024-08-01T00:00:00,40.64666,-74.02715,1.6,303.4,49.0,JEWEL OF THE HARBOR,IMO123456789,WDK8213,40,0,29,10,0.0,40,A
367677670,2024-08-01T00:00:00,42.38137,-71.04770,0.1,270.0,14.0,SANCTUARY,IMO8994104,WDI2390,40,0,29,9,1.5,40,A
367531660,2024-08-01T00:00:00,40.60286,-74.03664,39.7,337.5,511.0,FDNY27SAFE,,WDG3978,51,0,8,4,0.0,51,A
368247060,2024-08-01T00:00:00,38.96685,-74.96671,10.6,92.4,511.0,STARLIGHT,,WDM8852,60,0,29,9,2.5,60,A
368270390,2024-08-01T00:00:00,40.44929,-73.61638,4.2,33.5,36.0,GO SEEKER,IMO9579157,WDN3304,70,0,48,14,3.0,70,A
367668090,2024-08-01T00:00:00,40.95538,-73.57634,7.1,61.6,62.0,NAVIGATOR,IMO8999776,WDH9440,31,0,78,10,3.0,31,A
367012530,2024-08-01T00:00:00,39.27263,-74.97982,0.0,284.3,511.0,CAPT HARRY,IMO9266401,WDC3690,52,0,24,11,4.0,52,A
368081160,2024-08-01T00:00:00,40.70411,-74.00042,8.3,236.9,237.0,TRAVERSITY,,WDK7099,60,0,29,8,2.0,60,A
368197680,2024-08-01T00:00:00,40.73581,-73.97442,0.0,360.0,511.0,UNITY,,WDM3489,37,0,14,6,0.0,37,A
366902260,2024-08-01T00:00:00,40.64102,-74.16420,0.0,308.2,182.0,CHRISTINE MCALLISTER,IMO7390985,WDB4780,52,0,41,12,6.0,52,A
368013770,2024-08-01T00:00:00,40.66306,-74.02198,32.3,187.5,199.0,COMMODORE,IMO9842243,WDJ8167,66,0,45,12,1.2,66,A
368291370,2024-08-01T00:00:00,41.13834,-70.46332,0.0,322.3,46.0,C-PIONEER,IMO9245940,WDN5589,90,0,152,35,15.0,90,A
367000140,2024-08-01T00:00:00,40.64788,-74.06098,14.1,216.0,221.0,SAMUEL I NEWHOUSE,IMO7702774,WYR3371,69,0,95,22,5.0,69,A
368009780,2024-08-01T00:00:00,40.67471,-74.07033,0.1,277.4,137.0,SEELEY,IMO8987113,WDJ7752,52,0,24,9,3.3,52,A
367662920,2024-08-01T00:00:00,40.70461,-74.00360,0.1,161.8,511.0,HORNBLOWER SENSATION,,WDH8927,60,0,36,12,3.0,60,A
368216040,2024-08-01T00:00:00,41.19148,-71.57911,0.2,291.8,198.0,STELLA LUNA,IMO111000000,WDM5450,37,0,21,7,2.2,37,A
367000110,2024-08-01T00:00:00,40.64309,-74.07074,0.0,1.0,87.0,JOHN A NOBLE,IMO8643054,WTZ3863,69,0,63,14,2.2,60,A
368123070,2024-08-01T00:00:00,40.65959,-74.02211,20.7,37.9,36.0,RIVER SPRINTER,,WDL3584,40,0,26,8,0.0,40,A
205644000,2024-08-01T00:00:00,41.17658,-71.09594,0.1,11.0,195.0,SOVEREIGN,IMO9262742,ORQW,52,0,67,15,6.9,52,A
366744020,2024-08-01T00:00:00,40.77949,-73.93194,4.9,90.4,511.0,MARY ALICE,IMO7402738,WCX9570,31,0,30,8,4.9,31,A
367691010,2024-08-01T00:00:00,41.49808,-70.63962,14.9,109.1,115.0,WOODS HOLE,IMO9792931,WDI3700,60,0,70,18,4.0,60,A
367181880,2024-08-01T00:00:00,41.16921,-72.21065,20.6,99.9,93.0,M S SHAHAN II,,WDD7097,60,0,33,9,2.0,60,A
367587440,2024-08-01T00:00:00,40.73712,-73.94588,4.1,294.8,511.0,PELHAM,IMO5108182,WDG9405,31,0,25,10,0.0,99,A
338372521,2024-08-01T00:00:00,41.28463,-70.09335,0.0,360.0,511.0,SCUP SLAYER,IMO8581232,,37,,22,6,,,B
367186380,2024-08-01T00:00:00,41.81519,-71.40024,0.0,318.4,511.0,RELIANCE,IMO7367407,WDD7436,52,15,30,7,0.0,52,A
538071552,2024-08-01T00:00:00,41.72066,-70.27237,0.1,252.9,66.0,M/V AH HA,,V7A4377,37,1,24,6,2.4,37,A
367597640,2024-08-01T00:00:00,40.78828,-73.91933,0.1,274.0,333.0,PORT RICHMOND,IMO9648051,WDH2442,80,0,89,22,5.0,80,A
367482990,2024-08-01T00:00:00,40.71388,-74.03194,0.0,237.5,511.0,YORK,,WDF7289,60,0,24,7,2.0,60,A
219028268,2024-08-01T00:00:00,40.98195,-71.22331,2.7,259.9,255.0,NORTHERN FRANKLIN,IMO8301797,OZIH2,33,3,55,12,4.0,33,A
367434160,2024-08-01T00:00:00,40.78199,-73.99599,23.0,214.7,511.0,FRANK SINATRA,,WDF2985,60,0,26,8,2.4,60,A
338323796,2024-08-01T00:00:00,42.21405,-73.86349,0.0,6.3,511.0,APRES SKI,IMO0000000,,37,,15,5,,,B
367174060,2024-08-01T00:00:00,41.65083,-70.27665,0.0,357.6,333.0,EAGLE,IMO8705864,WCX5125,69,0,71,18,3.2,69,A
368078230,2024-08-01T00:00:00,40.77147,-74.01175,0.0,360.0,511.0,SUSAN B ANTHONY,,WDK6800,69,0,20,6,1.5,69,A
338176509,2024-08-01T00:00:00,42.30807,-70.93363,3.7,188.5,511.0,BLACKSEAL,,,37,,10,,,,B
367101920,2024-08-01T00:00:00,41.63130,-70.27143,9.1,19.1,21.0,GREY LADY,IMO8986157,WDC9414,40,15,44,10,2.0,40,A
367002660,2024-08-01T00:00:00,41.23893,-72.11941,6.9,72.7,80.0,SAPPHIRE COAST,IMO8109723,WDJ2691,52,0,40,14,4.3,52,A
367303910,2024-08-01T00:00:00,40.68095,-74.03404,12.4,275.6,511.0,MANHATTAN,,WDD8872,60,0,23,4,0.0,99,A
338166695,2024-08-01T00:00:00,41.28353,-70.09438,0.0,332.4,84.0,BLUESTAR,IMO0000000,,37,,12,4,,,B
367377380,2024-08-01T00:00:00,42.35555,-71.04965,0.0,117.3,279.0,FREEDOM,,WYR2173,60,0,30,12,2.7,60,A
338337278,2024-08-01T00:00:00,41.38939,-71.51691,0.3,360.0,511.0,GOOD TO GO,IMO0000000,,37,,15,5,,,B
367686940,2024-08-01T00:00:00,40.64270,-74.13764,7.8,259.1,511.0,NORMANDY,IMO8735235,WDI3305,31,0,24,8,0.0,31,A
367316450,2024-08-01T00:00:00,40.71269,-73.97583,0.1,240.5,511.0,DEBORAH QUINN,IMO5171191,WDD9796,31,15,33,8,0.0,31,A
368338810,2024-08-01T00:00:00,41.27125,-72.46914,0.0,360.0,511.0,TRANQUILO,IMO0000000,WDP2707,36,,15,5,,,B
311001253,2024-08-01T00:00:00,38.35935,-73.79272,16.7,5.1,3.0,CARNIVAL VENEZIA,IMO9801689,C6GI3,60,0,324,44,8.4,60,A
367064470,2024-08-01T00:00:00,40.63656,-74.07176,0.0,310.9,78.0,SUSAN MILLER,,WDC6990,52,12,20,7,0.0,52,A
367778670,2024-08-01T00:00:00,40.70380,-73.97628,0.0,20.3,291.0,URBAN JOURNEY,,WDJ4540,60,0,26,8,1.9,60,A
367037710,2024-08-01T00:00:00,41.68493,-71.44628,0.0,187.4,511.0,GOLD DIGGER,,WAL8864,30,,13,4,,,B
366999412,2024-08-01T00:00:00,40.66291,-74.06871,0.4,216.2,209.0,HAYWARD,,AEEA,70,5,37,12,2.7,70,A
338377888,2024-08-01T00:00:00,41.66675,-71.44468,0.0,360.0,511.0,SALT THERAPY,IMO0000000,,37,,14,4,,,B
366843020,2024-08-01T00:00:00,40.45149,-74.02504,16.2,170.3,511.0,NANCY,,WDA7410,68,15,11,4,0.0,68,A
367151730,2024-08-01T00:00:00,41.36793,-71.51467,32.2,349.0,348.0,ATHENA,IMO8967709,WDD4958,60,0,30,9,2.0,40,A
367324580,2024-08-01T00:00:00,41.50787,-70.66123,12.5,271.7,270.0,NANTUCKET,IMO7334199,WBQ6814,60,0,71,20,4.0,60,A
368081150,2024-08-01T00:00:00,40.80530,-73.83833,7.2,56.7,57.0,UNITY,,WDK7098,60,0,28,9,0.0,60,A
338517000,2024-08-01T00:00:00,41.15977,-71.18888,0.0,253.4,159.0,C-LIBERTY,IMO9320415,WDH5194,20,0,85,19,3.5,20,A
538071327,2024-08-01T00:00:01,42.92448,-70.40830,8.5,199.6,198.0,WABASH,IMO9847932,V7F15,37,0,40,9,2.7,37,A
368076650,2024-08-01T00:00:01,40.96388,-70.46876,4.2,299.8,290.0,GO LIBERTY,IMO9555761,WDK6648,70,0,45,10,4.0,118,A
368051230,2024-08-01T00:00:01,40.71953,-73.96805,21.4,196.9,198.0,SEAS THE DAY,,WDK4040,60,0,29,8,1.7,60,A
367610930,2024-08-01T00:00:01,40.58342,-73.94417,0.0,360.0,511.0,CAPTAIN DAVE III,,WDH3789,69,15,27,8,2.7,69,A
367584050,2024-08-01T00:00:01,41.64352,-70.91654,0.0,43.8,511.0,GASPEE,IMO0000001,WDG9075,63,0,41,9,2.2,63,A
367110280,2024-08-01T00:00:01,40.64518,-74.12259,0.0,360.0,511.0,JAY MICHAEL,,WDD2051,52,12,21,8,0.0,52,A
219456000,2024-08-01T00:00:01,41.04752,-70.39607,0.0,111.7,300.0,SEA INSTALLER,IMO9646481,OYPY2,90,15,132,45,6.3,90,A
338454000,2024-08-01T00:00:01,40.97912,-71.28163,2.9,180.3,192.0,BERTO L MILLER,IMO8964850,WDG6273,70,0,49,15,3.0,70,A
338515473,2024-08-01T00:00:01,38.88513,-74.87468,10.6,11.4,12.0,SELAH,,0,37,0,19,5,2.0,37,A
366953930,2024-08-01T00:00:01,40.66882,-74.01640,0.1,165.4,297.0,MATTHEW TIBBETTS,IMO8986949,WDB8156,52,0,27,16,4.0,52,A
367759510,2024-08-01T00:00:01,40.72189,-73.97058,15.4,192.1,511.0,CIRCLE LINE BRONX,,WDJ2555,60,0,47,10,2.1,60,A
367496240,2024-08-01T00:00:01,41.17506,-73.92263,24.0,129.4,511.0,PETER R WEISS,,WDF8566,60,0,26,9,3.0,60,A
367725870,2024-08-01T00:00:01,41.23123,-72.80805,3.4,258.1,511.0,BUCHANAN 5,IMO8886589,WDI7151,52,0,22,9,0.0,52,A
367191190,2024-08-01T00:00:01,40.76986,-73.85011,0.0,135.3,345.0,PATHFINDER,IMO7235214,WDD7777,31,0,46,24,4.1,31,A
367036190,2024-08-01T00:00:01,41.50631,-70.63049,24.7,289.8,285.0,MARTHA'S VINEYARD EX,IMO1167238,WDC5128,40,0,25,8,2.1,40,A
563050500,2024-08-01T00:00:01,40.66097,-74.15293,0.0,106.4,119.0,POLAR ECUADOR,IMO9786774,9V8896,71,0,230,37,10.2,71,A
367302270,2024-08-01T00:00:01,40.69351,-74.03636,6.6,206.8,511.0,DESTINY,,WDD8746,60,0,28,10,0.0,60,A
563079999,2024-08-01T00:00:01,41.80230,-69.95329,0.0,231.8,511.0,222,IMO996999900,111,0,0,0,0,10.0,30,A
367091750,2024-08-01T00:00:01,40.48487,-74.01455,0.0,324.6,511.0,CAPTAIN A J FOURNIER,,WDI7351,90,3,48,15,2.0,90,A
366925620,2024-08-01T00:00:01,41.15416,-72.24013,0.0,28.0,312.0,NEW LONDON,,WYW9986,60,0,76,13,3.0,60,A
368139280,2024-08-01T00:00:01,42.47965,-73.78844,0.0,267.5,334.0,MACKENZIE ROSE,IMO8968765,WDL5245,52,0,32,12,4.9,52,A
563050400,2024-08-01T00:00:01,39.67080,-72.80048,10.1,323.3,320.0,MONTE ALEGRE,IMO9348065,S6BH,71,0,272,40,11.1,70,A
368358450,2024-08-01T00:00:01,41.07467,-70.31521,3.8,217.0,216.0,NANOOK,,WDP4874,52,0,33,9,0.0,52,A
368004120,2024-08-01T00:00:01,40.65123,-74.02984,19.8,214.3,211.0,ATLANTIC COMPASS,,WDJ7179,60,0,26,8,2.0,60,A
367022790,2024-08-01T00:00:01,40.65457,-74.08448,0.1,274.9,296.0,QUENAMES,,WTU9038,52,0,25,9,3.0,52,A
367782940,2024-08-01T00:00:01,42.34368,-71.01409,23.8,128.9,129.0,GLORY,,WDJ4970,60,0,26,8,1.5,60,A
366939710,2024-08-01T00:00:01,40.64123,-74.12990,0.0,38.5,209.0,MIRIAM MORAN,IMO7908146,WQZ6572,52,0,31,10,4.5,52,A
636091308,2024-08-01T00:00:01,39.46973,-73.85438,18.2,176.0,174.0,NELSON,IMO9333046,A8LW9,70,0,222,32,10.3,71,A
367639140,2024-08-01T00:00:01,40.85973,-73.76384,33.4,152.2,511.0,NYPD 27,,WDH6548,90,0,,,0.0,55,A
368135270,2024-08-01T00:00:01,40.56405,-73.94969,26.0,268.6,270.0,CURIOSITY,,WDL4831,60,0,29,8,0.0,60,A
367339380,2024-08-01T00:00:01,40.41811,-74.03361,0.1,68.9,292.0,VIVERE,,WDE3461,37,0,35,8,2.1,37,A
367568460,2024-08-01T00:00:01,41.00778,-73.12285,14.2,155.1,511.0,GRAND REPUBLIC,IMO8986145,WDG7555,60,0,100,15,4.0,60,A
338343000,2024-08-01T00:00:01,40.64444,-74.11353,0.0,0.1,52.0,GENESIS VISION,IMO8973916,WDG9349,31,0,136,20,4.9,57,A
369494406,2024-08-01T00:00:01,40.85035,-72.50279,0.1,27.6,93.0,CG49406,,CG49406,51,0,15,5,1.0,51,A
368217990,2024-08-01T00:00:01,40.68594,-74.01346,7.3,234.8,511.0,FREEDOM,,WDM5660,60,0,28,10,0.0,60,A
368098930,2024-08-01T00:00:01,40.74793,-73.96702,10.0,215.5,214.0,DREAM BOAT,,WDK8939,60,0,29,10,0.0,60,A
367046090,2024-08-01T00:00:01,40.46980,-74.02795,3.9,185.3,511.0,JAMES CHARLES,IMO7042875,WDI2399,32,0,28,8,4.3,32,A
369494411,2024-08-01T00:00:01,41.27263,-72.90466,0.1,199.8,290.0,CG49411,,,51,5,15,5,1.0,51,A
538071402,2024-08-01T00:00:01,41.17450,-73.18223,0.0,40.8,126.0,GENE CHASER,IMO9878735,V7A2410,37,5,55,9,3.3,37,A
566779000,2024-08-01T00:00:01,38.47966,-74.74598,16.2,143.2,144.0,MAERSK INNOSHIMA,IMO9348170,9V2003,70,0,233,32,10.5,70,A
366695940,2024-08-01T00:00:01,42.37991,-71.04243,0.0,33.3,511.0,ZACHERY REINAUER,IMO7203302,WCU4692,52,0,126,8,4.4,52,A
353666000,2024-08-01T00:00:01,40.68567,-74.15368,0.0,13.2,309.0,MSC MICHAELA,IMO9230488,HOEZ,70,5,304,40,12.3,70,A
636090862,2024-08-01T00:00:01,39.11862,-73.76203,11.7,4.6,3.0,JPO LIBRA,IMO9297840,A8GU7,73,0,264,32,10.5,73,A
366999758,2024-08-01T00:00:01,39.37787,-74.42391,0.0,360.0,511.0,CG47307,,,51,0,14,4,1.4,51,A
368337480,2024-08-01T00:00:01,40.58669,-74.00000,0.0,360.0,511.0,L#319,,WDP2564,55,0,10,3,0.0,55,A
367784630,2024-08-01T00:00:01,40.73156,-73.96364,0.3,129.4,175.0,HAPPY HAULER,,WDJ5131,60,0,26,8,3.4,60,A
367671080,2024-08-01T00:00:01,40.64081,-74.12967,0.0,240.1,211.0,KIRBY MORAN,IMO9778349,WDH9735,52,0,28,12,5.2,52,A
338183311,2024-08-01T00:00:01,41.11089,-72.35973,0.0,29.3,511.0,MARY TIME,,,37,,17,,,,B
367363230,2024-08-01T00:00:01,41.91904,-73.98030,0.0,322.6,244.0,VITA LENTA,,WDE5187,37,0,15,6,1.5,38,A
338439335,2024-08-01T00:00:01,41.07189,-71.94141,0.1,360.0,511.0,SEAHAG2 / FAST,,SEAHAG2,0,15,29,3,0.0,0,A
367288000,2024-08-01T00:00:01,41.52976,-71.31776,0.0,153.4,511.0,CG TAHOMA,,NCBE,55,5,82,12,4.3,55,A
338508821,2024-08-01T00:00:01,42.81270,-70.86644,0.0,360.0,511.0,BABE,IMO0000000,,37,,15,4,,,B
367763260,2024-08-01T00:00:01,41.45613,-70.42370,5.5,106.4,511.0,KODIAK,,WDJ2946,31,11,19,7,3.4,31,A
367367390,2024-08-01T00:00:01,40.68836,-74.15811,0.1,138.6,296.0,DIAMOND COAST,,WDK5428,52,12,27,9,3.7,57,A
367784560,2024-08-01T00:00:01,42.35608,-71.02705,8.2,306.5,305.0,CHAMPION,,WDJ5125,60,0,26,8,1.5,60,A
368365260,2024-08-01T00:00:01,40.43058,-74.02393,6.8,104.8,113.0,ASSARAIN IV,IMO0000000,,36,,11,4,,,B
367161950,2024-08-01T00:00:01,40.53757,-74.25350,0.0,215.9,345.0,ALEXANDRA,IMO7512014,WDD5677,52,0,37,11,0.0,52,A
367740750,2024-08-01T00:00:01,40.69526,-74.14441,0.0,343.3,511.0,ERNEST CAMPBELL,IMO7045982,WDI8651,52,0,49,10,0.0,52,A
368097380,2024-08-01T00:00:01,40.74802,-73.95811,6.0,40.4,39.0,KOALAFIED CRUISER,,WDK8785,60,0,29,9,0.0,60,A
368163860,2024-08-01T00:00:01,42.48650,-73.78605,6.5,189.0,188.0,JANICE ANN REINAUER,IMO9903932,WDL7830,57,12,151,24,6.6,57,A
338505341,2024-08-01T00:00:01,40.78048,-72.81560,38.7,322.5,511.0,REEL HYDRATION,IMO0000000,RLHYDRO,37,,14,6,,,B
367531210,2024-08-01T00:00:01,41.66604,-71.44394,5.4,181.6,511.0,MEMORY,IMO7112735,WDG3937,37,,10,,,,B
